INSERT INTO Users (UserID, Username, FirstName, LastName, DateOfBirth, Password) VALUES
(1, 'carissa_pirrey_01', 'Carissa', 'Pirrey', '2003-01-04', 'carissa1234'),
(2, 'aridatha_cruikshank_02', 'Aridatha', 'Cruikshank', '1999-03-09', 'aridatha9876'),
(3, 'sharl_vigneron_03', 'Sharl', 'Vigneron', '2015-10-12', 'sharl5678'),
(4, 'kirsteni_eccersley_04', 'Kirsteni', 'Eccersley', '2005-09-30', 'kirsteni4321'),
(5, 'diego_olney_05', 'Diego', 'Olney', '2006-01-28', 'diego6789'),
(6, 'kilian_grinval_06', 'Kilian', 'Grinval', '2000-09-23', 'kilian3456'),
(7, 'rena_marple_07', 'Rena', 'Marple', '2001-09-20', 'rena8765'),
(8, 'skippie_maleby_08', 'Skippie', 'Maleby', '2014-01-16', 'skippie2345'),
(9, 'freddy_letertre_09', 'Freddy', 'Letertre', '2003-05-16', 'freddy6789'),
(10, 'kalindi_grunwald_10', 'Kalindi', 'Grunwald', '2001-02-24', 'kalindi5432'),
(11, 'kylie_longcake_11', 'Kylie', 'Longcake', '2012-07-14', 'kylie2345'),
(12, 'gwyneth_vowdon_12', 'Gwyneth', 'Vowdon', '2004-01-10', 'gwyneth3456'),
(13, 'mildred_brookes_13', 'Mildred', 'Brookes', '2004-02-15', 'mildred4567'),
(14, 'amery_peltz_14', 'Amery', 'Peltz', '2014-09-13', 'amery5678'),
(15, 'jere_baggot_15', 'Jere', 'Baggot', '2008-10-31', 'jere6789'),
(16, 'phyllis_brack_16', 'Phyllis', 'Brack', '2007-01-15', 'phyllis7890'),
(17, 'mort_alessandrucci_17', 'Mort', 'Alessandrucci', '1999-12-14', 'mort8901'),
(18, 'hamlin_fitchen_18', 'Hamlin', 'Fitchen', '2004-02-19', 'hamlin9012'),
(19, 'ave_skuce_19', 'Ave', 'Skuce', '2007-05-05', 'ave0123'),
(20, 'francine_hachette_20', 'Francine', 'Hachette', '1998-10-30', 'francine1234'),
(21, 'ernesto_galia_21', 'Ernesto', 'Galia', '1998-09-24', 'ernesto5678'),
(22, 'dion_mcghee_22', 'Dion', 'McGhee', '2014-01-25', 'dion6789'),
(23, 'harmony_cuddy_23', 'Harmony', 'Cuddy', '2013-07-27', 'harmony7890'),
(24, 'hamilton_medcalfe_24', 'Hamilton', 'Medcalfe', '2011-10-05', 'hamilton8901'),
(25, 'stu_beneix_25', 'Stu', 'Beneix', '2006-12-11', 'stu9012'),
(26, 'nanny_lathan_26', 'Nanny', 'Lathan', '2015-03-18', 'nanny0123'),
(27, 'mei_bothe_27', 'Mei', 'Bothe', '2011-11-08', 'mei1234'),
(28, 'conway_itzkovitch_28', 'Conway', 'Itzkovitch', '1998-05-16', 'conway5678'),
(29, 'eolande_edgerton_29', 'Eolande', 'Edgerton', '2007-10-17', 'eolande6789'),
(30, 'shawnee_menco_30', 'Shawnee', 'Menco', '2014-09-23', 'shawnee7890'),
(31, 'mildrid_menat_31', 'Mildrid', 'Menat', '2013-08-12', 'mildrid8901'),
(32, 'alex_causer_32', 'Alex', 'Causer', '2013-02-22', 'alex9012'),
(33, 'quintin_guiraud_33', 'Quintin', 'Guiraud', '2012-06-23', 'quintin0123'),
(34, 'gilli_scales_34', 'Gilli', 'Scales', '2009-10-17', 'gilli1234'),
(35, 'tabina_vedeniktov_35', 'Tabina', 'Vedeniktov', '2011-10-12', 'tabina5678'),
(36, 'othilie_levay_36', 'Othilie', 'Levay', '1998-06-27', 'othilie6789'),
(37, 'hewie_harbour_37', 'Hewie', 'Harbour', '2013-12-15', 'hewie7890'),
(38, 'bruis_passo_38', 'Bruis', 'Passo', '2010-10-27', 'bruis8901'),
(39, 'ezra_gregon_39', 'Ezra', 'Gregon', '2012-09-11', 'ezra9012'),
(40, 'terrence_glasard_40', 'Terrence', 'Glasard', '2006-03-16', 'terrence0123'),
(41, 'lettie_geram_41', 'Lettie', 'Geram', '2011-05-03', 'lettie1234'),
(42, 'carroll_churchley_42', 'Carroll', 'Churchley', '2002-07-22', 'carroll5678'),
(43, 'hastings_bemand_43', 'Hastings', 'Bemand', '2004-11-14', 'hastings6789'),
(44, 'max_jephcote_44', 'Max', 'Jephcote', '2011-11-24', 'max7890'),
(45, 'shirleen_tatford_45', 'Shirleen', 'Tatford', '2013-01-22', 'shirleen8901'),
(46, 'emmerich_taleworth_46', 'Emmerich', 'Taleworth', '2001-09-28', 'emmerich9012'),
(47, 'mattie_shepland_47', 'Mattie', 'Shepland', '2011-12-07', 'mattie0123'),
(48, 'newton_ind_48', 'Newton', 'Ind', '2012-07-24', 'newton1234'),
(49, 'jae_malecky_49', 'Jae', 'Malecky', '2015-02-19', 'jae5678'),
(50, 'benito_oronan_50', 'Benito', 'O'' Ronan', '2001-06-20', 'benito6789'),
(51, 'peg_antonich_51', 'Peg', 'Antonich', '2004-07-25', 'peg7890'),
(52, 'friedrick_swigg_52', 'Friedrick', 'Swigg', '2001-09-28', 'friedrick8901'),
(53, 'mason_wiltshire_53', 'Mason', 'Wiltshire', '2012-08-15', 'mason9012'),
(54, 'rozina_mander_54', 'Rozina', 'Mander', '2002-05-05', 'rozina0123'),
(55, 'murdoch_cariss_55', 'Murdoch', 'Cariss', '2014-11-30', 'murdoch1234'),
(56, 'robinson_liptrot_56', 'Robinson', 'Liptrot', '2005-08-28', 'robinson5678'),
(57, 'nikolai_dugue_57', 'Nikolai', 'Dugue', '2010-11-11', 'nikolai6789'),
(58, 'nanci_cabrer_58', 'Nanci', 'Cabrer', '2007-10-19', 'nanci7890'),
(59, 'gisel_nuttall_59', 'Gisel', 'Nuttall', '2001-04-23', 'gisel8901'),
(60, 'mollie_strick_60', 'Mollie', 'Strick', '2006-07-15', 'mollie9012'),
(61, 'mabel_hetton_61', 'Mabel', 'Hetton', '2008-03-14', 'mabel0123'),
(62, 'sandra_rigden_62', 'Sandra', 'Rigden', '2003-09-29', 'sandra1234'),
(63, 'brandon_ezard_63', 'Brandon', 'Ezard', '2011-12-02', 'brandon5678'),
(64, 'vicki_bendall_64', 'Vicki', 'Bendall', '2002-05-14', 'vicki6789'),
(65, 'xander_wherry_65', 'Xander', 'Wherry', '2009-09-23', 'xander7890'),
(66, 'dean_knapp_66', 'Dean', 'Knapp', '2005-02-14', 'dean8901'),
(67, 'orville_ascott_67', 'Orville', 'Ascott', '2007-11-21', 'orville9012'),
(68, 'yannick_tallis_68', 'Yannick', 'Tallis', '2003-08-05', 'yannick0123'),
(69, 'viola_graham_69', 'Viola', 'Graham', '2010-04-15', 'viola1234'),
(70, 'emil_charbonneau_70', 'Emil', 'Charbonneau', '2004-12-06', 'emil5678'),
(71, 'henry_tipper_71', 'Henry', 'Tipper', '2012-07-19', 'henry6789'),
(72, 'fae_scarborough_72', 'Fae', 'Scarborough', '2005-09-30', 'fae7890'),
(73, 'oscar_menkins_73', 'Oscar', 'Menkins', '1998-05-10', 'oscar8901'),
(74, 'bobby_greaves_74', 'Bobby', 'Greaves', '2006-04-27', 'bobby9012'),
(75, 'lottie_curd_75', 'Lottie', 'Curd', '2000-01-12', 'lottie0123'),
(76, 'walter_beswick_76', 'Walter', 'Beswick', '2012-03-04', 'walter1234'),
(77, 'jeffery_lancaster_77', 'Jeffery', 'Lancaster', '1999-07-21', 'jeffery5678'),
(78, 'isabella_chandler_78', 'Isabella', 'Chandler', '2008-10-01', 'isabella6789'),
(79, 'theo_sollis_79', 'Theo', 'Sollis', '2015-02-18', 'theo7890'),
(80, 'candida_troy_80', 'Candida', 'Troy', '2001-09-17', 'candida8901'),
(81, 'aiden_tizzard_81', 'Aiden', 'Tizzard', '2007-11-13', 'aiden9012'),
(82, 'sophie_rossi_82', 'Sophie', 'Rossi', '2013-12-23', 'sophie0123'),
(83, 'thomas_cockburn_83', 'Thomas', 'Cockburn', '2002-08-14', 'thomas1234'),
(84, 'oliver_claydon_84', 'Oliver', 'Claydon', '2004-04-01', 'oliver5678'),
(85, 'lila_downey_85', 'Lila', 'Downey', '2001-10-31', 'lila6789'),
(86, 'lauren_sharp_86', 'Lauren', 'Sharp', '2003-11-29', 'lauren7890'),
(87, 'darrell_jenkins_87', 'Darrell', 'Jenkins', '2015-06-12', 'darrell8901'),
(88, 'elizabeth_fleming_88', 'Elizabeth', 'Fleming', '1999-04-21', 'elizabeth9012'),
(89, 'emma_grant_89', 'Emma', 'Grant', '2014-12-31', 'emma0123'),
(90, 'doris_watkins_90', 'Doris', 'Watkins', '2002-08-22', 'doris1234'),
(91, 'molly_foley_91', 'Molly', 'Foley', '2008-03-16', 'molly5678'),
(92, 'hannah_bradley_92', 'Hannah', 'Bradley', '2013-11-25', 'hannah6789'),
(93, 'natalie_russell_93', 'Natalie', 'Russell', '2009-10-11', 'natalie7890'),
(94, 'harry_bateman_94', 'Harry', 'Bateman', '2005-01-14', 'harry8901'),
(95, 'sadie_morris_95', 'Sadie', 'Morris', '2014-03-09', 'sadie9012'),
(96, 'william_carter_96', 'William', 'Carter', '2001-09-08', 'william0123'),
(97, 'lily_patterson_97', 'Lily', 'Patterson', '2008-07-18', 'lily1234'),
(98, 'george_wilson_98', 'George', 'Wilson', '2012-12-20', 'george5678'),
(99, 'charlotte_curtis_99', 'Charlotte', 'Curtis', '2007-10-14', 'charlotte6789'),
(100, 'henry_davis_100', 'Henry', 'Davis', '2010-06-03', 'henry7890'),
(101, 'olivia_nash_101', 'Olivia', 'Nash', '2004-12-01', 'olivia8901'),
(102, 'ethan_clark_102', 'Ethan', 'Clark', '2015-08-16', 'ethan9012'),
(103, 'samantha_gibson_103', 'Samantha', 'Gibson', '2000-04-22', 'samantha0123'),
(104, 'jack_smith_104', 'Jack', 'Smith', '2011-09-10', 'jack1234'),
(105, 'emily_kirk_105', 'Emily', 'Kirk', '2006-11-21', 'emily5678'),
(106, 'james_sanders_106', 'James', 'Sanders', '2002-12-09', 'james6789'),
(107, 'ava_king_107', 'Ava', 'King', '2009-04-15', 'ava7890'),
(108, 'willow_smith_108', 'Willow', 'Smith', '2010-02-28', 'willow8901'),
(109, 'mason_johnson_109', 'Mason', 'Johnson', '2001-11-12', 'mason9012'),
(110, 'mia_baker_110', 'Mia', 'Baker', '2015-07-09', 'mia0123'),
(111, 'elijah_miller_111', 'Elijah', 'Miller', '2006-03-05', 'elijah1234'),
(112, 'scarlett_carter_112', 'Scarlett', 'Carter', '2009-09-29', 'scarlett5678'),
(113, 'aiden_evans_113', 'Aiden', 'Evans', '2003-01-11', 'aiden6789'),
(114, 'hannah_martin_114', 'Hannah', 'Martin', '2014-06-20', 'hannah7890'),
(115, 'jacob_thompson_115', 'Jacob', 'Thompson', '2000-04-17', 'jacob8901'),
(116, 'chloe_brown_116', 'Chloe', 'Brown', '2011-02-22', 'chloe9012'),
(117, 'lucas_taylor_117', 'Lucas', 'Taylor', '2006-09-14', 'lucas0123'),
(118, 'nora_wilson_118', 'Nora', 'Wilson', '2013-08-18', 'nora1234'),
(119, 'zachary_adams_119', 'Zachary', 'Adams', '2012-10-11', 'zachary5678'),
(120, 'grace_davis_120', 'Grace', 'Davis', '1998-04-25', 'grace6789');

insert into Friends (FriendID, FriendWhoAdded, FriendBeingAdded, IsAccepted) values (1, 26, 109, false);
insert into Friends (FriendID, FriendWhoAdded, FriendBeingAdded, IsAccepted) values (2, 112, 97, true);
insert into Friends (FriendID, FriendWhoAdded, FriendBeingAdded, IsAccepted) values (3, 31, 99, false);
insert into Friends (FriendID, FriendWhoAdded, FriendBeingAdded, IsAccepted) values (4, 106, 67, false);
insert into Friends (FriendID, FriendWhoAdded, FriendBeingAdded, IsAccepted) values (5, 90, 61, true);
insert into Friends (FriendID, FriendWhoAdded, FriendBeingAdded, IsAccepted) values (6, 47, 36, true);
insert into Friends (FriendID, FriendWhoAdded, FriendBeingAdded, IsAccepted) values (7, 102, 5, true);
insert into Friends (FriendID, FriendWhoAdded, FriendBeingAdded, IsAccepted) values (8, 117, 56, true);
insert into Friends (FriendID, FriendWhoAdded, FriendBeingAdded, IsAccepted) values (9, 8, 70, false);
insert into Friends (FriendID, FriendWhoAdded, FriendBeingAdded, IsAccepted) values (10, 63, 1, false);
insert into Friends (FriendID, FriendWhoAdded, FriendBeingAdded, IsAccepted) values (11, 103, 59, true);
insert into Friends (FriendID, FriendWhoAdded, FriendBeingAdded, IsAccepted) values (12, 83, 8, true);
insert into Friends (FriendID, FriendWhoAdded, FriendBeingAdded, IsAccepted) values (13, 70, 43, false);
insert into Friends (FriendID, FriendWhoAdded, FriendBeingAdded, IsAccepted) values (14, 23, 108, false);
insert into Friends (FriendID, FriendWhoAdded, FriendBeingAdded, IsAccepted) values (15, 38, 39, false);
insert into Friends (FriendID, FriendWhoAdded, FriendBeingAdded, IsAccepted) values (16, 3, 28, false);
insert into Friends (FriendID, FriendWhoAdded, FriendBeingAdded, IsAccepted) values (17, 56, 10, true);
insert into Friends (FriendID, FriendWhoAdded, FriendBeingAdded, IsAccepted) values (18, 78, 111, false);
insert into Friends (FriendID, FriendWhoAdded, FriendBeingAdded, IsAccepted) values (19, 116, 101, true);
insert into Friends (FriendID, FriendWhoAdded, FriendBeingAdded, IsAccepted) values (20, 28, 45, false);
insert into Friends (FriendID, FriendWhoAdded, FriendBeingAdded, IsAccepted) values (21, 82, 78, true);
insert into Friends (FriendID, FriendWhoAdded, FriendBeingAdded, IsAccepted) values (22, 8, 32, false);
insert into Friends (FriendID, FriendWhoAdded, FriendBeingAdded, IsAccepted) values (23, 86, 99, true);
insert into Friends (FriendID, FriendWhoAdded, FriendBeingAdded, IsAccepted) values (24, 61, 52, false);
insert into Friends (FriendID, FriendWhoAdded, FriendBeingAdded, IsAccepted) values (25, 14, 57, false);
insert into Friends (FriendID, FriendWhoAdded, FriendBeingAdded, IsAccepted) values (26, 86, 35, true);
insert into Friends (FriendID, FriendWhoAdded, FriendBeingAdded, IsAccepted) values (27, 22, 100, false);
insert into Friends (FriendID, FriendWhoAdded, FriendBeingAdded, IsAccepted) values (28, 6, 97, true);
insert into Friends (FriendID, FriendWhoAdded, FriendBeingAdded, IsAccepted) values (29, 42, 12, false);
insert into Friends (FriendID, FriendWhoAdded, FriendBeingAdded, IsAccepted) values (30, 77, 65, false);
insert into Friends (FriendID, FriendWhoAdded, FriendBeingAdded, IsAccepted) values (31, 119, 64, true);
insert into Friends (FriendID, FriendWhoAdded, FriendBeingAdded, IsAccepted) values (32, 99, 120, false);
insert into Friends (FriendID, FriendWhoAdded, FriendBeingAdded, IsAccepted) values (33, 39, 42, true);
insert into Friends (FriendID, FriendWhoAdded, FriendBeingAdded, IsAccepted) values (34, 78, 8, false);
insert into Friends (FriendID, FriendWhoAdded, FriendBeingAdded, IsAccepted) values (35, 5, 3, false);
insert into Friends (FriendID, FriendWhoAdded, FriendBeingAdded, IsAccepted) values (36, 105, 74, true);
insert into Friends (FriendID, FriendWhoAdded, FriendBeingAdded, IsAccepted) values (37, 91, 4, false);
insert into Friends (FriendID, FriendWhoAdded, FriendBeingAdded, IsAccepted) values (38, 119, 97, false);
insert into Friends (FriendID, FriendWhoAdded, FriendBeingAdded, IsAccepted) values (39, 81, 28, false);
insert into Friends (FriendID, FriendWhoAdded, FriendBeingAdded, IsAccepted) values (40, 58, 76, true);
insert into Friends (FriendID, FriendWhoAdded, FriendBeingAdded, IsAccepted) values (41, 77, 5, true);
insert into Friends (FriendID, FriendWhoAdded, FriendBeingAdded, IsAccepted) values (42, 31, 14, false);
insert into Friends (FriendID, FriendWhoAdded, FriendBeingAdded, IsAccepted) values (43, 13, 81, false);
insert into Friends (FriendID, FriendWhoAdded, FriendBeingAdded, IsAccepted) values (44, 3, 20, true);
insert into Friends (FriendID, FriendWhoAdded, FriendBeingAdded, IsAccepted) values (45, 60, 94, false);
insert into Friends (FriendID, FriendWhoAdded, FriendBeingAdded, IsAccepted) values (46, 77, 62, false);
insert into Friends (FriendID, FriendWhoAdded, FriendBeingAdded, IsAccepted) values (47, 113, 24, true);
insert into Friends (FriendID, FriendWhoAdded, FriendBeingAdded, IsAccepted) values (48, 24, 64, false);
insert into Friends (FriendID, FriendWhoAdded, FriendBeingAdded, IsAccepted) values (49, 66, 104, false);
insert into Friends (FriendID, FriendWhoAdded, FriendBeingAdded, IsAccepted) values (50, 26, 42, true);
insert into Friends (FriendID, FriendWhoAdded, FriendBeingAdded, IsAccepted) values (51, 64, 95, false);
insert into Friends (FriendID, FriendWhoAdded, FriendBeingAdded, IsAccepted) values (52, 109, 41, false);
insert into Friends (FriendID, FriendWhoAdded, FriendBeingAdded, IsAccepted) values (53, 67, 3, true);
insert into Friends (FriendID, FriendWhoAdded, FriendBeingAdded, IsAccepted) values (54, 110, 66, true);
insert into Friends (FriendID, FriendWhoAdded, FriendBeingAdded, IsAccepted) values (55, 94, 23, true);
insert into Friends (FriendID, FriendWhoAdded, FriendBeingAdded, IsAccepted) values (56, 89, 94, false);
insert into Friends (FriendID, FriendWhoAdded, FriendBeingAdded, IsAccepted) values (57, 86, 7, true);
insert into Friends (FriendID, FriendWhoAdded, FriendBeingAdded, IsAccepted) values (58, 98, 107, true);
insert into Friends (FriendID, FriendWhoAdded, FriendBeingAdded, IsAccepted) values (59, 115, 14, false);
insert into Friends (FriendID, FriendWhoAdded, FriendBeingAdded, IsAccepted) values (60, 68, 1, true);
insert into Friends (FriendID, FriendWhoAdded, FriendBeingAdded, IsAccepted) values (61, 34, 28, false);
insert into Friends (FriendID, FriendWhoAdded, FriendBeingAdded, IsAccepted) values (62, 98, 80, true);
insert into Friends (FriendID, FriendWhoAdded, FriendBeingAdded, IsAccepted) values (63, 113, 21, false);
insert into Friends (FriendID, FriendWhoAdded, FriendBeingAdded, IsAccepted) values (64, 54, 120, true);
insert into Friends (FriendID, FriendWhoAdded, FriendBeingAdded, IsAccepted) values (65, 16, 26, false);
insert into Friends (FriendID, FriendWhoAdded, FriendBeingAdded, IsAccepted) values (66, 14, 105, true);
insert into Friends (FriendID, FriendWhoAdded, FriendBeingAdded, IsAccepted) values (67, 47, 13, true);
insert into Friends (FriendID, FriendWhoAdded, FriendBeingAdded, IsAccepted) values (68, 41, 95, true);
insert into Friends (FriendID, FriendWhoAdded, FriendBeingAdded, IsAccepted) values (69, 36, 56, true);
insert into Friends (FriendID, FriendWhoAdded, FriendBeingAdded, IsAccepted) values (70, 61, 82, true);
insert into Friends (FriendID, FriendWhoAdded, FriendBeingAdded, IsAccepted) values (71, 45, 3, false);
insert into Friends (FriendID, FriendWhoAdded, FriendBeingAdded, IsAccepted) values (72, 40, 52, false);
insert into Friends (FriendID, FriendWhoAdded, FriendBeingAdded, IsAccepted) values (73, 98, 116, false);
insert into Friends (FriendID, FriendWhoAdded, FriendBeingAdded, IsAccepted) values (74, 36, 19, false);
insert into Friends (FriendID, FriendWhoAdded, FriendBeingAdded, IsAccepted) values (75, 70, 37, false);
insert into Friends (FriendID, FriendWhoAdded, FriendBeingAdded, IsAccepted) values (76, 19, 36, false);
insert into Friends (FriendID, FriendWhoAdded, FriendBeingAdded, IsAccepted) values (77, 100, 54, false);
insert into Friends (FriendID, FriendWhoAdded, FriendBeingAdded, IsAccepted) values (78, 87, 17, true);
insert into Friends (FriendID, FriendWhoAdded, FriendBeingAdded, IsAccepted) values (79, 99, 35, false);
insert into Friends (FriendID, FriendWhoAdded, FriendBeingAdded, IsAccepted) values (80, 96, 36, false);
insert into Friends (FriendID, FriendWhoAdded, FriendBeingAdded, IsAccepted) values (81, 25, 22, false);
insert into Friends (FriendID, FriendWhoAdded, FriendBeingAdded, IsAccepted) values (82, 113, 49, false);
insert into Friends (FriendID, FriendWhoAdded, FriendBeingAdded, IsAccepted) values (83, 86, 42, false);
insert into Friends (FriendID, FriendWhoAdded, FriendBeingAdded, IsAccepted) values (84, 112, 62, true);
insert into Friends (FriendID, FriendWhoAdded, FriendBeingAdded, IsAccepted) values (85, 83, 64, false);
insert into Friends (FriendID, FriendWhoAdded, FriendBeingAdded, IsAccepted) values (86, 54, 15, false);
insert into Friends (FriendID, FriendWhoAdded, FriendBeingAdded, IsAccepted) values (87, 58, 54, true);
insert into Friends (FriendID, FriendWhoAdded, FriendBeingAdded, IsAccepted) values (88, 37, 77, false);
insert into Friends (FriendID, FriendWhoAdded, FriendBeingAdded, IsAccepted) values (89, 63, 18, false);
insert into Friends (FriendID, FriendWhoAdded, FriendBeingAdded, IsAccepted) values (90, 11, 39, true);
insert into Friends (FriendID, FriendWhoAdded, FriendBeingAdded, IsAccepted) values (91, 94, 66, false);
insert into Friends (FriendID, FriendWhoAdded, FriendBeingAdded, IsAccepted) values (92, 17, 59, false);
insert into Friends (FriendID, FriendWhoAdded, FriendBeingAdded, IsAccepted) values (93, 28, 31, true);
insert into Friends (FriendID, FriendWhoAdded, FriendBeingAdded, IsAccepted) values (94, 25, 114, false);
insert into Friends (FriendID, FriendWhoAdded, FriendBeingAdded, IsAccepted) values (95, 30, 69, false);
insert into Friends (FriendID, FriendWhoAdded, FriendBeingAdded, IsAccepted) values (96, 62, 103, true);
insert into Friends (FriendID, FriendWhoAdded, FriendBeingAdded, IsAccepted) values (97, 76, 52, true);
insert into Friends (FriendID, FriendWhoAdded, FriendBeingAdded, IsAccepted) values (98, 107, 91, true);
insert into Friends (FriendID, FriendWhoAdded, FriendBeingAdded, IsAccepted) values (99, 23, 5, true);
insert into Friends (FriendID, FriendWhoAdded, FriendBeingAdded, IsAccepted) values (100, 92, 112, false);
insert into Friends (FriendID, FriendWhoAdded, FriendBeingAdded, IsAccepted) values (101, 21, 38, false);
insert into Friends (FriendID, FriendWhoAdded, FriendBeingAdded, IsAccepted) values (102, 116, 104, false);
insert into Friends (FriendID, FriendWhoAdded, FriendBeingAdded, IsAccepted) values (103, 38, 95, true);
insert into Friends (FriendID, FriendWhoAdded, FriendBeingAdded, IsAccepted) values (104, 32, 113, true);
insert into Friends (FriendID, FriendWhoAdded, FriendBeingAdded, IsAccepted) values (105, 39, 11, true);
insert into Friends (FriendID, FriendWhoAdded, FriendBeingAdded, IsAccepted) values (106, 68, 115, true);
insert into Friends (FriendID, FriendWhoAdded, FriendBeingAdded, IsAccepted) values (107, 96, 105, true);
insert into Friends (FriendID, FriendWhoAdded, FriendBeingAdded, IsAccepted) values (108, 101, 120, false);
insert into Friends (FriendID, FriendWhoAdded, FriendBeingAdded, IsAccepted) values (109, 38, 60, false);
insert into Friends (FriendID, FriendWhoAdded, FriendBeingAdded, IsAccepted) values (110, 41, 21, true);
insert into Friends (FriendID, FriendWhoAdded, FriendBeingAdded, IsAccepted) values (111, 83, 39, true);
insert into Friends (FriendID, FriendWhoAdded, FriendBeingAdded, IsAccepted) values (112, 22, 23, true);
insert into Friends (FriendID, FriendWhoAdded, FriendBeingAdded, IsAccepted) values (113, 93, 11, false);
insert into Friends (FriendID, FriendWhoAdded, FriendBeingAdded, IsAccepted) values (114, 83, 64, false);
insert into Friends (FriendID, FriendWhoAdded, FriendBeingAdded, IsAccepted) values (115, 32, 41, false);
insert into Friends (FriendID, FriendWhoAdded, FriendBeingAdded, IsAccepted) values (116, 63, 25, true);
insert into Friends (FriendID, FriendWhoAdded, FriendBeingAdded, IsAccepted) values (117, 96, 61, true);
insert into Friends (FriendID, FriendWhoAdded, FriendBeingAdded, IsAccepted) values (118, 81, 67, false);
insert into Friends (FriendID, FriendWhoAdded, FriendBeingAdded, IsAccepted) values (119, 83, 62, true);
insert into Friends (FriendID, FriendWhoAdded, FriendBeingAdded, IsAccepted) values (120, 91, 54, true);
insert into Friends (FriendID, FriendWhoAdded, FriendBeingAdded, IsAccepted) values (2, 84, 54, false);

insert into GroupMembershipRequests  (GroupMemberShipRequestsID, GroupID, GroupMemberUserID , IsGroupMemberShipAccepted) values (1, 47, 45, false);
insert into GroupMembershipRequests  (GroupMemberShipRequestsID, GroupID, GroupMemberUserID , IsGroupMemberShipAccepted) values (2, 79, 5, true);
insert into GroupMembershipRequests  (GroupMemberShipRequestsID, GroupID, GroupMemberUserID , IsGroupMemberShipAccepted) values (3, 83, 92, false);
insert into GroupMembershipRequests  (GroupMemberShipRequestsID, GroupID, GroupMemberUserID , IsGroupMemberShipAccepted) values (4, 1, 46, false);
insert into GroupMembershipRequests  (GroupMemberShipRequestsID, GroupID, GroupMemberUserID , IsGroupMemberShipAccepted) values (5, 41, 2, true);
insert into GroupMembershipRequests  (GroupMemberShipRequestsID, GroupID, GroupMemberUserID , IsGroupMemberShipAccepted) values (6, 50, 118, false);
insert into GroupMembershipRequests  (GroupMemberShipRequestsID, GroupID, GroupMemberUserID , IsGroupMemberShipAccepted) values (7, 113, 31, false);
insert into GroupMembershipRequests  (GroupMemberShipRequestsID, GroupID, GroupMemberUserID , IsGroupMemberShipAccepted) values (8, 15, 14, true);
insert into GroupMembershipRequests  (GroupMemberShipRequestsID, GroupID, GroupMemberUserID , IsGroupMemberShipAccepted) values (9, 89, 47, true);
insert into GroupMembershipRequests  (GroupMemberShipRequestsID, GroupID, GroupMemberUserID , IsGroupMemberShipAccepted) values (10, 19, 65, true);
insert into GroupMembershipRequests  (GroupMemberShipRequestsID, GroupID, GroupMemberUserID , IsGroupMemberShipAccepted) values (11, 6, 111, false);
insert into GroupMembershipRequests  (GroupMemberShipRequestsID, GroupID, GroupMemberUserID , IsGroupMemberShipAccepted) values (12, 110, 72, false);
insert into GroupMembershipRequests  (GroupMemberShipRequestsID, GroupID, GroupMemberUserID , IsGroupMemberShipAccepted) values (13, 40, 46, true);
insert into GroupMembershipRequests  (GroupMemberShipRequestsID, GroupID, GroupMemberUserID , IsGroupMemberShipAccepted) values (14, 99, 24, true);
insert into GroupMembershipRequests  (GroupMemberShipRequestsID, GroupID, GroupMemberUserID , IsGroupMemberShipAccepted) values (15, 11, 16, true);
insert into GroupMembershipRequests  (GroupMemberShipRequestsID, GroupID, GroupMemberUserID , IsGroupMemberShipAccepted) values (16, 69, 114, false);
insert into GroupMembershipRequests  (GroupMemberShipRequestsID, GroupID, GroupMemberUserID , IsGroupMemberShipAccepted) values (17, 3, 96, false);
insert into GroupMembershipRequests  (GroupMemberShipRequestsID, GroupID, GroupMemberUserID , IsGroupMemberShipAccepted) values (18, 73, 108, true);
insert into GroupMembershipRequests  (GroupMemberShipRequestsID, GroupID, GroupMemberUserID , IsGroupMemberShipAccepted) values (19, 15, 23, true);
insert into GroupMembershipRequests  (GroupMemberShipRequestsID, GroupID, GroupMemberUserID , IsGroupMemberShipAccepted) values (20, 39, 78, false);
insert into GroupMembershipRequests  (GroupMemberShipRequestsID, GroupID, GroupMemberUserID , IsGroupMemberShipAccepted) values (21, 35, 21, true);
insert into GroupMembershipRequests  (GroupMemberShipRequestsID, GroupID, GroupMemberUserID , IsGroupMemberShipAccepted) values (22, 9, 83, false);
insert into GroupMembershipRequests  (GroupMemberShipRequestsID, GroupID, GroupMemberUserID , IsGroupMemberShipAccepted) values (23, 113, 41, true);
insert into GroupMembershipRequests  (GroupMemberShipRequestsID, GroupID, GroupMemberUserID , IsGroupMemberShipAccepted) values (24, 113, 84, true);
insert into GroupMembershipRequests  (GroupMemberShipRequestsID, GroupID, GroupMemberUserID , IsGroupMemberShipAccepted) values (25, 112, 88, true);
insert into GroupMembershipRequests  (GroupMemberShipRequestsID, GroupID, GroupMemberUserID , IsGroupMemberShipAccepted) values (26, 31, 72, true);
insert into GroupMembershipRequests  (GroupMemberShipRequestsID, GroupID, GroupMemberUserID , IsGroupMemberShipAccepted) values (27, 59, 20, true);
insert into GroupMembershipRequests  (GroupMemberShipRequestsID, GroupID, GroupMemberUserID , IsGroupMemberShipAccepted) values (28, 83, 25, false);
insert into GroupMembershipRequests  (GroupMemberShipRequestsID, GroupID, GroupMemberUserID , IsGroupMemberShipAccepted) values (29, 54, 105, false);
insert into GroupMembershipRequests  (GroupMemberShipRequestsID, GroupID, GroupMemberUserID , IsGroupMemberShipAccepted) values (30, 101, 66, false);
insert into GroupMembershipRequests  (GroupMemberShipRequestsID, GroupID, GroupMemberUserID , IsGroupMemberShipAccepted) values (31, 91, 113, false);
insert into GroupMembershipRequests  (GroupMemberShipRequestsID, GroupID, GroupMemberUserID , IsGroupMemberShipAccepted) values (32, 86, 7, true);
insert into GroupMembershipRequests  (GroupMemberShipRequestsID, GroupID, GroupMemberUserID , IsGroupMemberShipAccepted) values (33, 85, 56, false);
insert into GroupMembershipRequests  (GroupMemberShipRequestsID, GroupID, GroupMemberUserID , IsGroupMemberShipAccepted) values (34, 7, 104, true);
insert into GroupMembershipRequests  (GroupMemberShipRequestsID, GroupID, GroupMemberUserID , IsGroupMemberShipAccepted) values (35, 21, 28, true);
insert into GroupMembershipRequests  (GroupMemberShipRequestsID, GroupID, GroupMemberUserID , IsGroupMemberShipAccepted) values (36, 45, 29, false);
insert into GroupMembershipRequests  (GroupMemberShipRequestsID, GroupID, GroupMemberUserID , IsGroupMemberShipAccepted) values (37, 58, 107, true);
insert into GroupMembershipRequests  (GroupMemberShipRequestsID, GroupID, GroupMemberUserID , IsGroupMemberShipAccepted) values (38, 113, 59, false);
insert into GroupMembershipRequests  (GroupMemberShipRequestsID, GroupID, GroupMemberUserID , IsGroupMemberShipAccepted) values (39, 18, 97, true);
insert into GroupMembershipRequests  (GroupMemberShipRequestsID, GroupID, GroupMemberUserID , IsGroupMemberShipAccepted) values (40, 58, 7, false);
insert into GroupMembershipRequests  (GroupMemberShipRequestsID, GroupID, GroupMemberUserID , IsGroupMemberShipAccepted) values (41, 4, 24, false);
insert into GroupMembershipRequests  (GroupMemberShipRequestsID, GroupID, GroupMemberUserID , IsGroupMemberShipAccepted) values (42, 24, 98, true);
insert into GroupMembershipRequests  (GroupMemberShipRequestsID, GroupID, GroupMemberUserID , IsGroupMemberShipAccepted) values (43, 118, 26, true);
insert into GroupMembershipRequests  (GroupMemberShipRequestsID, GroupID, GroupMemberUserID , IsGroupMemberShipAccepted) values (44, 102, 38, true);
insert into GroupMembershipRequests  (GroupMemberShipRequestsID, GroupID, GroupMemberUserID , IsGroupMemberShipAccepted) values (45, 110, 86, true);
insert into GroupMembershipRequests  (GroupMemberShipRequestsID, GroupID, GroupMemberUserID , IsGroupMemberShipAccepted) values (46, 105, 22, true);
insert into GroupMembershipRequests  (GroupMemberShipRequestsID, GroupID, GroupMemberUserID , IsGroupMemberShipAccepted) values (47, 37, 15, false);
insert into GroupMembershipRequests  (GroupMemberShipRequestsID, GroupID, GroupMemberUserID , IsGroupMemberShipAccepted) values (48, 101, 92, false);
insert into GroupMembershipRequests  (GroupMemberShipRequestsID, GroupID, GroupMemberUserID , IsGroupMemberShipAccepted) values (49, 91, 43, false);
insert into GroupMembershipRequests  (GroupMemberShipRequestsID, GroupID, GroupMemberUserID , IsGroupMemberShipAccepted) values (50, 84, 42, false);
insert into GroupMembershipRequests  (GroupMemberShipRequestsID, GroupID, GroupMemberUserID , IsGroupMemberShipAccepted) values (51, 100, 82, false);
insert into GroupMembershipRequests  (GroupMemberShipRequestsID, GroupID, GroupMemberUserID , IsGroupMemberShipAccepted) values (52, 16, 55, false);
insert into GroupMembershipRequests  (GroupMemberShipRequestsID, GroupID, GroupMemberUserID , IsGroupMemberShipAccepted) values (53, 97, 47, true);
insert into GroupMembershipRequests  (GroupMemberShipRequestsID, GroupID, GroupMemberUserID , IsGroupMemberShipAccepted) values (54, 47, 89, true);
insert into GroupMembershipRequests  (GroupMemberShipRequestsID, GroupID, GroupMemberUserID , IsGroupMemberShipAccepted) values (55, 77, 47, true);
insert into GroupMembershipRequests  (GroupMemberShipRequestsID, GroupID, GroupMemberUserID , IsGroupMemberShipAccepted) values (56, 53, 76, false);
insert into GroupMembershipRequests  (GroupMemberShipRequestsID, GroupID, GroupMemberUserID , IsGroupMemberShipAccepted) values (57, 55, 105, true);
insert into GroupMembershipRequests  (GroupMemberShipRequestsID, GroupID, GroupMemberUserID , IsGroupMemberShipAccepted) values (58, 43, 29, true);
insert into GroupMembershipRequests  (GroupMemberShipRequestsID, GroupID, GroupMemberUserID , IsGroupMemberShipAccepted) values (59, 42, 11, false);
insert into GroupMembershipRequests  (GroupMemberShipRequestsID, GroupID, GroupMemberUserID , IsGroupMemberShipAccepted) values (60, 69, 63, true);
insert into GroupMembershipRequests  (GroupMemberShipRequestsID, GroupID, GroupMemberUserID , IsGroupMemberShipAccepted) values (61, 23, 83, true);
insert into GroupMembershipRequests  (GroupMemberShipRequestsID, GroupID, GroupMemberUserID , IsGroupMemberShipAccepted) values (62, 27, 12, true);
insert into GroupMembershipRequests  (GroupMemberShipRequestsID, GroupID, GroupMemberUserID , IsGroupMemberShipAccepted) values (63, 63, 66, true);
insert into GroupMembershipRequests  (GroupMemberShipRequestsID, GroupID, GroupMemberUserID , IsGroupMemberShipAccepted) values (64, 43, 75, false);
insert into GroupMembershipRequests  (GroupMemberShipRequestsID, GroupID, GroupMemberUserID , IsGroupMemberShipAccepted) values (65, 104, 94, true);
insert into GroupMembershipRequests  (GroupMemberShipRequestsID, GroupID, GroupMemberUserID , IsGroupMemberShipAccepted) values (66, 84, 21, false);
insert into GroupMembershipRequests  (GroupMemberShipRequestsID, GroupID, GroupMemberUserID , IsGroupMemberShipAccepted) values (67, 77, 21, true);
insert into GroupMembershipRequests  (GroupMemberShipRequestsID, GroupID, GroupMemberUserID , IsGroupMemberShipAccepted) values (68, 60, 29, true);
insert into GroupMembershipRequests  (GroupMemberShipRequestsID, GroupID, GroupMemberUserID , IsGroupMemberShipAccepted) values (69, 40, 89, false);
insert into GroupMembershipRequests  (GroupMemberShipRequestsID, GroupID, GroupMemberUserID , IsGroupMemberShipAccepted) values (70, 24, 4, true);
insert into GroupMembershipRequests  (GroupMemberShipRequestsID, GroupID, GroupMemberUserID , IsGroupMemberShipAccepted) values (71, 99, 2, false);
insert into GroupMembershipRequests  (GroupMemberShipRequestsID, GroupID, GroupMemberUserID , IsGroupMemberShipAccepted) values (72, 97, 100, true);
insert into GroupMembershipRequests  (GroupMemberShipRequestsID, GroupID, GroupMemberUserID , IsGroupMemberShipAccepted) values (73, 41, 4, false);
insert into GroupMembershipRequests  (GroupMemberShipRequestsID, GroupID, GroupMemberUserID , IsGroupMemberShipAccepted) values (74, 55, 94, false);
insert into GroupMembershipRequests  (GroupMemberShipRequestsID, GroupID, GroupMemberUserID , IsGroupMemberShipAccepted) values (75, 21, 118, false);
insert into GroupMembershipRequests  (GroupMemberShipRequestsID, GroupID, GroupMemberUserID , IsGroupMemberShipAccepted) values (76, 115, 99, false);
insert into GroupMembershipRequests  (GroupMemberShipRequestsID, GroupID, GroupMemberUserID , IsGroupMemberShipAccepted) values (77, 16, 95, false);
insert into GroupMembershipRequests  (GroupMemberShipRequestsID, GroupID, GroupMemberUserID , IsGroupMemberShipAccepted) values (78, 3, 17, false);
insert into GroupMembershipRequests  (GroupMemberShipRequestsID, GroupID, GroupMemberUserID , IsGroupMemberShipAccepted) values (79, 16, 32, false);
insert into GroupMembershipRequests  (GroupMemberShipRequestsID, GroupID, GroupMemberUserID , IsGroupMemberShipAccepted) values (80, 53, 94, false);
insert into GroupMembershipRequests  (GroupMemberShipRequestsID, GroupID, GroupMemberUserID , IsGroupMemberShipAccepted) values (81, 95, 109, false);
insert into GroupMembershipRequests  (GroupMemberShipRequestsID, GroupID, GroupMemberUserID , IsGroupMemberShipAccepted) values (82, 65, 49, false);
insert into GroupMembershipRequests  (GroupMemberShipRequestsID, GroupID, GroupMemberUserID , IsGroupMemberShipAccepted) values (83, 119, 2, true);
insert into GroupMembershipRequests  (GroupMemberShipRequestsID, GroupID, GroupMemberUserID , IsGroupMemberShipAccepted) values (84, 40, 23, false);
insert into GroupMembershipRequests  (GroupMemberShipRequestsID, GroupID, GroupMemberUserID , IsGroupMemberShipAccepted) values (85, 8, 111, false);
insert into GroupMembershipRequests  (GroupMemberShipRequestsID, GroupID, GroupMemberUserID , IsGroupMemberShipAccepted) values (86, 87, 67, false);
insert into GroupMembershipRequests  (GroupMemberShipRequestsID, GroupID, GroupMemberUserID , IsGroupMemberShipAccepted) values (87, 38, 45, true);
insert into GroupMembershipRequests  (GroupMemberShipRequestsID, GroupID, GroupMemberUserID , IsGroupMemberShipAccepted) values (88, 45, 85, false);
insert into GroupMembershipRequests  (GroupMemberShipRequestsID, GroupID, GroupMemberUserID , IsGroupMemberShipAccepted) values (89, 80, 44, false);
insert into GroupMembershipRequests  (GroupMemberShipRequestsID, GroupID, GroupMemberUserID , IsGroupMemberShipAccepted) values (90, 64, 21, false);
insert into GroupMembershipRequests  (GroupMemberShipRequestsID, GroupID, GroupMemberUserID , IsGroupMemberShipAccepted) values (91, 28, 63, true);
insert into GroupMembershipRequests  (GroupMemberShipRequestsID, GroupID, GroupMemberUserID , IsGroupMemberShipAccepted) values (92, 78, 90, true);
insert into GroupMembershipRequests  (GroupMemberShipRequestsID, GroupID, GroupMemberUserID , IsGroupMemberShipAccepted) values (93, 5, 26, true);
insert into GroupMembershipRequests  (GroupMemberShipRequestsID, GroupID, GroupMemberUserID , IsGroupMemberShipAccepted) values (94, 63, 73, false);
insert into GroupMembershipRequests  (GroupMemberShipRequestsID, GroupID, GroupMemberUserID , IsGroupMemberShipAccepted) values (95, 116, 90, true);
insert into GroupMembershipRequests  (GroupMemberShipRequestsID, GroupID, GroupMemberUserID , IsGroupMemberShipAccepted) values (96, 27, 65, false);
insert into GroupMembershipRequests  (GroupMemberShipRequestsID, GroupID, GroupMemberUserID , IsGroupMemberShipAccepted) values (97, 56, 38, false);
insert into GroupMembershipRequests  (GroupMemberShipRequestsID, GroupID, GroupMemberUserID , IsGroupMemberShipAccepted) values (98, 17, 31, false);
insert into GroupMembershipRequests  (GroupMemberShipRequestsID, GroupID, GroupMemberUserID , IsGroupMemberShipAccepted) values (99, 68, 58, true);
insert into GroupMembershipRequests  (GroupMemberShipRequestsID, GroupID, GroupMemberUserID , IsGroupMemberShipAccepted) values (100, 96, 94, false);
insert into GroupMembershipRequests  (GroupMemberShipRequestsID, GroupID, GroupMemberUserID , IsGroupMemberShipAccepted) values (101, 109, 16, true);
insert into GroupMembershipRequests  (GroupMemberShipRequestsID, GroupID, GroupMemberUserID , IsGroupMemberShipAccepted) values (102, 19, 61, true);
insert into GroupMembershipRequests  (GroupMemberShipRequestsID, GroupID, GroupMemberUserID , IsGroupMemberShipAccepted) values (103, 95, 55, true);
insert into GroupMembershipRequests  (GroupMemberShipRequestsID, GroupID, GroupMemberUserID , IsGroupMemberShipAccepted) values (104, 67, 1, true);
insert into GroupMembershipRequests  (GroupMemberShipRequestsID, GroupID, GroupMemberUserID , IsGroupMemberShipAccepted) values (105, 97, 85, true);
insert into GroupMembershipRequests  (GroupMemberShipRequestsID, GroupID, GroupMemberUserID , IsGroupMemberShipAccepted) values (106, 74, 2, true);
insert into GroupMembershipRequests  (GroupMemberShipRequestsID, GroupID, GroupMemberUserID , IsGroupMemberShipAccepted) values (107, 90, 98, true);
insert into GroupMembershipRequests  (GroupMemberShipRequestsID, GroupID, GroupMemberUserID , IsGroupMemberShipAccepted) values (108, 58, 8, false);
insert into GroupMembershipRequests  (GroupMemberShipRequestsID, GroupID, GroupMemberUserID , IsGroupMemberShipAccepted) values (109, 73, 93, true);
insert into GroupMembershipRequests  (GroupMemberShipRequestsID, GroupID, GroupMemberUserID , IsGroupMemberShipAccepted) values (110, 9, 35, true);
insert into GroupMembershipRequests  (GroupMemberShipRequestsID, GroupID, GroupMemberUserID , IsGroupMemberShipAccepted) values (111, 34, 104, false);
insert into GroupMembershipRequests  (GroupMemberShipRequestsID, GroupID, GroupMemberUserID , IsGroupMemberShipAccepted) values (112, 38, 48, false);
insert into GroupMembershipRequests  (GroupMemberShipRequestsID, GroupID, GroupMemberUserID , IsGroupMemberShipAccepted) values (113, 3, 63, true);
insert into GroupMembershipRequests  (GroupMemberShipRequestsID, GroupID, GroupMemberUserID , IsGroupMemberShipAccepted) values (114, 10, 108, false);
insert into GroupMembershipRequests  (GroupMemberShipRequestsID, GroupID, GroupMemberUserID , IsGroupMemberShipAccepted) values (115, 48, 16, false);
insert into GroupMembershipRequests  (GroupMemberShipRequestsID, GroupID, GroupMemberUserID , IsGroupMemberShipAccepted) values (116, 32, 28, false);
insert into GroupMembershipRequests  (GroupMemberShipRequestsID, GroupID, GroupMemberUserID , IsGroupMemberShipAccepted) values (117, 24, 109, true);
insert into GroupMembershipRequests  (GroupMemberShipRequestsID, GroupID, GroupMemberUserID , IsGroupMemberShipAccepted) values (118, 40, 26, false);
insert into GroupMembershipRequests  (GroupMemberShipRequestsID, GroupID, GroupMemberUserID , IsGroupMemberShipAccepted) values (119, 92, 55, false);
insert into GroupMembershipRequests  (GroupMemberShipRequestsID, GroupID, GroupMemberUserID , IsGroupMemberShipAccepted) values (120, 67, 56, false);

insert into Groups (GroupID, GroupName, CreatedBy) values (1, 'Creative Minds Club', 13);
insert into Groups (GroupID, GroupName, CreatedBy) values (2, 'Tech Innovators Network', 38);
insert into Groups (GroupID, GroupName, CreatedBy) values (3, 'Writers Workshop', 51);
insert into Groups (GroupID, GroupName, CreatedBy) values (4, 'Artists Collective', 39);
insert into Groups (GroupID, GroupName, CreatedBy) values (5, 'Music Enthusiasts', 24);
insert into Groups (GroupID, GroupName, CreatedBy) values (6, 'Film Buffs Society', 106);
insert into Groups (GroupID, GroupName, CreatedBy) values (7, 'Eco Warriors', 109);
insert into Groups (GroupID, GroupName, CreatedBy) values (8, 'Foodies United', 98);
insert into Groups (GroupID, GroupName, CreatedBy) values (9, 'Book Club', 36);
insert into Groups (GroupID, GroupName, CreatedBy) values (10, 'Travel Explorers', 109);
insert into Groups (GroupID, GroupName, CreatedBy) values (11, 'Science Fiction Fans', 50);
insert into Groups (GroupID, GroupName, CreatedBy) values (12, 'History Buffs', 86);
insert into Groups (GroupID, GroupName, CreatedBy) values (13, 'Fitness Fanatics', 69);
insert into Groups (GroupID, GroupName, CreatedBy) values (14, 'Philosophers Circle', 82);
insert into Groups (GroupID, GroupName, CreatedBy) values (15, 'Startup Founders Hub', 118);
insert into Groups (GroupID, GroupName, CreatedBy) values (16, 'Social Media Gurus', 110);
insert into Groups (GroupID, GroupName, CreatedBy) values (17, 'Meditation Group', 47);
insert into Groups (GroupID, GroupName, CreatedBy) values (18, 'Gardening Enthusiasts', 5);
insert into Groups (GroupID, GroupName, CreatedBy) values (19, 'Philanthropy Network', 56);
insert into Groups (GroupID, GroupName, CreatedBy) values (20, 'Leadership Forum', 16);
insert into Groups (GroupID, GroupName, CreatedBy) values (21, 'Tech Startups Inc.', 9);
insert into Groups (GroupID, GroupName, CreatedBy) values (22, 'Creative Writers', 93);
insert into Groups (GroupID, GroupName, CreatedBy) values (23, 'Environmental Advocates', 47);
insert into Groups (GroupID, GroupName, CreatedBy) values (24, 'Cultural Exchange', 18);
insert into Groups (GroupID, GroupName, CreatedBy) values (25, 'Entrepreneurs Network', 104);
insert into Groups (GroupID, GroupName, CreatedBy) values (26, 'Photography Club', 85);
insert into Groups (GroupID, GroupName, CreatedBy) values (27, 'Yoga Practitioners', 74);
insert into Groups (GroupID, GroupName, CreatedBy) values (28, 'Gamer Guild', 91);
insert into Groups (GroupID, GroupName, CreatedBy) values (29, 'Digital Artists', 2);
insert into Groups (GroupID, GroupName, CreatedBy) values (30, 'Leadership Academy', 13);
insert into Groups (GroupID, GroupName, CreatedBy) values (31, 'Tech Developers', 39);
insert into Groups (GroupID, GroupName, CreatedBy) values (32, 'Innovation Lab', 94);
insert into Groups (GroupID, GroupName, CreatedBy) values (33, 'Culinary Creators', 87);
insert into Groups (GroupID, GroupName, CreatedBy) values (34, 'Science Explorers', 71);
insert into Groups (GroupID, GroupName, CreatedBy) values (35, 'Health & Wellness', 67);
insert into Groups (GroupID, GroupName, CreatedBy) values (36, 'Photography Lovers', 77);
insert into Groups (GroupID, GroupName, CreatedBy) values (37, 'Academic Scholars', 96);
insert into Groups (GroupID, GroupName, CreatedBy) values (38, 'Sustainable Living', 83);
insert into Groups (GroupID, GroupName, CreatedBy) values (39, 'Coding Bootcamp', 85);
insert into Groups (GroupID, GroupName, CreatedBy) values (40, 'Astronomy Club', 66);
insert into Groups (GroupID, GroupName, CreatedBy) values (41, 'Startup Mentors', 83);
insert into Groups (GroupID, GroupName, CreatedBy) values (42, 'Philanthropic Society', 117);
insert into Groups (GroupID, GroupName, CreatedBy) values (43, 'Volunteer Network', 25);
insert into Groups (GroupID, GroupName, CreatedBy) values (44, 'Music Makers', 28);
insert into Groups (GroupID, GroupName, CreatedBy) values (45, 'Tech Innovators', 111);
insert into Groups (GroupID, GroupName, CreatedBy) values (46, 'Artisans Guild', 98);
insert into Groups (GroupID, GroupName, CreatedBy) values (47, 'Outdoor Adventures', 120);
insert into Groups (GroupID, GroupName, CreatedBy) values (48, 'Film Production', 43);
insert into Groups (GroupID, GroupName, CreatedBy) values (49, 'Investment Club', 29);
insert into Groups (GroupID, GroupName, CreatedBy) values (50, 'Strategic Thinkers', 105);
insert into Groups (GroupID, GroupName, CreatedBy) values (51, 'Social Impact Group', 75);
insert into Groups (GroupID, GroupName, CreatedBy) values (52, 'Historical Society', 119);
insert into Groups (GroupID, GroupName, CreatedBy) values (53, 'Startups & Entrepreneurs', 21);
insert into Groups (GroupID, GroupName, CreatedBy) values (54, 'Virtual Reality Club', 98);
insert into Groups (GroupID, GroupName, CreatedBy) values (55, 'Creative Arts Hub', 46);
insert into Groups (GroupID, GroupName, CreatedBy) values (56, 'Science & Tech Explorers', 107);
insert into Groups (GroupID, GroupName, CreatedBy) values (57, 'Music Theory Society', 80);
insert into Groups (GroupID, GroupName, CreatedBy) values (58, 'Cultural Activities', 18);
insert into Groups (GroupID, GroupName, CreatedBy) values (59, 'Social Justice Warriors', 120);
insert into Groups (GroupID, GroupName, CreatedBy) values (60, 'Health Advocates', 100);
insert into Groups (GroupID, GroupName, CreatedBy) values (61, 'Digital Media Creators', 23);
insert into Groups (GroupID, GroupName, CreatedBy) values (62, 'Art Appreciation Society', 55);
insert into Groups (GroupID, GroupName, CreatedBy) values (63, 'Innovators Circle', 86);
insert into Groups (GroupID, GroupName, CreatedBy) values (64, 'Technology Enthusiasts', 13);
insert into Groups (GroupID, GroupName, CreatedBy) values (65, 'Creative Writing', 34);
insert into Groups (GroupID, GroupName, CreatedBy) values (66, 'Startup Growth', 40);
insert into Groups (GroupID, GroupName, CreatedBy) values (67, 'Adventure Seekers', 66);
insert into Groups (GroupID, GroupName, CreatedBy) values (68, 'Dance Troupe', 14);
insert into Groups (GroupID, GroupName, CreatedBy) values (69, 'Strategic Thinkers', 94);
insert into Groups (GroupID, GroupName, CreatedBy) values (70, 'Future Leaders', 70);
insert into Groups (GroupID, GroupName, CreatedBy) values (71, 'Artistic Visionaries', 69);
insert into Groups (GroupID, GroupName, CreatedBy) values (72, 'Innovation Hub', 72);
insert into Groups (GroupID, GroupName, CreatedBy) values (73, 'Charity Organization', 37);
insert into Groups (GroupID, GroupName, CreatedBy) values (74, 'Tech Talks', 12);
insert into Groups (GroupID, GroupName, CreatedBy) values (75, 'Startup Founders', 36);
insert into Groups (GroupID, GroupName, CreatedBy) values (76, 'Film Reviewers', 61);
insert into Groups (GroupID, GroupName, CreatedBy) values (77, 'Digital Nomads', 60);
insert into Groups (GroupID, GroupName, CreatedBy) values (78, 'Future Innovators', 112);
insert into Groups (GroupID, GroupName, CreatedBy) values (79, 'Creative Collaborators', 25);
insert into Groups (GroupID, GroupName, CreatedBy) values (80, 'Tech Trends', 110);

insert into Posts (PostID, PostDescription, PostedBy, IsPublic, IsOnlyForFriends, GroupID) values (1, 'Exploring new hobbies this weekend!', 67, false, false, 6);
insert into Posts (PostID, PostDescription, PostedBy, IsPublic, IsOnlyForFriends, GroupID) values (2, 'Can’t wait for the upcoming game night!', 91, false, true, 119);
insert into Posts (PostID, PostDescription, PostedBy, IsPublic, IsOnlyForFriends, GroupID) values (3, 'Just finished a great book. Highly recommend it!', 73, false, false, 74);
insert into Posts (PostID, PostDescription, PostedBy, IsPublic, IsOnlyForFriends, GroupID) values (4, 'Looking for recommendations on new restaurants.', 104, false, true, 40);
insert into Posts (PostID, PostDescription, PostedBy, IsPublic, IsOnlyForFriends, GroupID) values (5, 'Had an amazing day hiking! Feeling refreshed.', 26, true, false, 106);
insert into Posts (PostID, PostDescription, PostedBy, IsPublic, IsOnlyForFriends, GroupID) values (6, 'Just saw the latest movie release. Thoughts?', 65, true, true, 39);
insert into Posts (PostID, PostDescription, PostedBy, IsPublic, IsOnlyForFriends, GroupID) values (7, 'Any tips for improving productivity at work?', 96, false, false, 91);
insert into Posts (PostID, PostDescription, PostedBy, IsPublic, IsOnlyForFriends, GroupID) values (8, 'What’s your favorite weekend getaway spot?', 26, false, false, 30);
insert into Posts (PostID, PostDescription, PostedBy, IsPublic, IsOnlyForFriends, GroupID) values (9, 'Excited for the upcoming concert next week!', 60, true, false, 34);
insert into Posts (PostID, PostDescription, PostedBy, IsPublic, IsOnlyForFriends, GroupID) values (10, 'Need suggestions for a good book to read.', 9, false, true, 16);
insert into Posts (PostID, PostDescription, PostedBy, IsPublic, IsOnlyForFriends, GroupID) values (11, 'What’s everyone’s plan for the long weekend?', 94, false, true, 19);
insert into Posts (PostID, PostDescription, PostedBy, IsPublic, IsOnlyForFriends, GroupID) values (12, 'Any recommendations for fun activities in the city?', 92, false, true, 76);
insert into Posts (PostID, PostDescription, PostedBy, IsPublic, IsOnlyForFriends, GroupID) values (13, 'Just finished a major project. Time to celebrate!', 107, true, false, 92);
insert into Posts (PostID, PostDescription, PostedBy, IsPublic, IsOnlyForFriends, GroupID) values (14, 'Loving the new workout routine. Feeling stronger!', 95, true, true, 104);
insert into Posts (PostID, PostDescription, PostedBy, IsPublic, IsOnlyForFriends, GroupID) values (15, 'Found an amazing recipe for homemade pizza!', 34, true, true, 49);
insert into Posts (PostID, PostDescription, PostedBy, IsPublic, IsOnlyForFriends, GroupID) values (16, 'Just got a new puppy. Meet Max!', 114, true, true, 59);
insert into Posts (PostID, PostDescription, PostedBy, IsPublic, IsOnlyForFriends, GroupID) values (17, 'Caught up with old friends today. Great times!', 47, true, true, 98);
insert into Posts (PostID, PostDescription, PostedBy, IsPublic, IsOnlyForFriends, GroupID) values (18, 'What’s your favorite way to relax after a long day?', 16, false, false, 90);
insert into Posts (PostID, PostDescription, PostedBy, IsPublic, IsOnlyForFriends, GroupID) values (19, 'Just booked a trip to Paris! So excited!', 45, true, true, 52);
insert into Posts (PostID, PostDescription, PostedBy, IsPublic, IsOnlyForFriends, GroupID) values (20, 'Got a new job offer! Can’t wait to start.', 55, true, false, 9);
insert into Posts (PostID, PostDescription, PostedBy, IsPublic, IsOnlyForFriends, GroupID) values (21, 'Just finished redecorating the living room.', 1, true, false, 13);
insert into Posts (PostID, PostDescription, PostedBy, IsPublic, IsOnlyForFriends, GroupID) values (22, 'The new café downtown has the best coffee.', 108, true, false, 115);
insert into Posts (PostID, PostDescription, PostedBy, IsPublic, IsOnlyForFriends, GroupID) values (23, 'Anyone up for a game of trivia this weekend?', 60, false, false, 105);
insert into Posts (PostID, PostDescription, PostedBy, IsPublic, IsOnlyForFriends, GroupID) values (24, 'Celebrated my birthday with a surprise party!', 78, true, true, 91);
insert into Posts (PostID, PostDescription, PostedBy, IsPublic, IsOnlyForFriends, GroupID) values (25, 'Found a new hobby: pottery! Loving it so far.', 54, false, false, 91);
insert into Posts (PostID, PostDescription, PostedBy, IsPublic, IsOnlyForFriends, GroupID) values (26, 'Just finished a marathon. Feeling accomplished!', 18, true, true, 22);
insert into Posts (PostID, PostDescription, PostedBy, IsPublic, IsOnlyForFriends, GroupID) values (27, 'Got a new gardening kit. Can’t wait to start planting.', 95, true, false, 28);
insert into Posts (PostID, PostDescription, PostedBy, IsPublic, IsOnlyForFriends, GroupID) values (28, 'Planning a road trip across the country next month.', 18, false, false, 21);
insert into Posts (PostID, PostDescription, PostedBy, IsPublic, IsOnlyForFriends, GroupID) values (29, 'Just joined a new book club. Excited for the first meeting!', 63, true, false, 73);
insert into Posts (PostID, PostDescription, PostedBy, IsPublic, IsOnlyForFriends, GroupID) values (30, 'Need some good podcast recommendations.', 94, false, true, 63);
insert into Posts (PostID, PostDescription, PostedBy, IsPublic, IsOnlyForFriends, GroupID) values (31, 'Binge-watching a new series. Can’t stop!', 96, true, true, 85);
insert into Posts (PostID, PostDescription, PostedBy, IsPublic, IsOnlyForFriends, GroupID) values (32, 'Just adopted a kitten. Welcome home, Luna!', 73, true, true, 58);
insert into Posts (PostID, PostDescription, PostedBy, IsPublic, IsOnlyForFriends, GroupID) values (33, 'Booked tickets for a weekend getaway in the mountains.', 118, true, false, 81);
insert into Posts (PostID, PostDescription, PostedBy, IsPublic, IsOnlyForFriends, GroupID) values (34, 'Going to a wine tasting event this Friday.', 41, false, true, 59);
insert into Posts (PostID, PostDescription, PostedBy, IsPublic, IsOnlyForFriends, GroupID) values (35, 'Excited for the annual charity run this weekend!', 10, true, true, 52);
insert into Posts (PostID, PostDescription, PostedBy, IsPublic, IsOnlyForFriends, GroupID) values (36, 'Just tried a new recipe for homemade ice cream.', 77, true, false, 5);
insert into Posts (PostID, PostDescription, PostedBy, IsPublic, IsOnlyForFriends, GroupID) values (37, 'Looking for recommendations on travel destinations.', 42, true, true, 2);
insert into Posts (PostID, PostDescription, PostedBy, IsPublic, IsOnlyForFriends, GroupID) values (38, 'Feeling nostalgic today. Miss the good old days.', 98, false, false, 57);
insert into Posts (PostID, PostDescription, PostedBy, IsPublic, IsOnlyForFriends, GroupID) values (39, 'Planning a surprise party for a friend. Any ideas?', 19, false, true, 62);
insert into Posts (PostID, PostDescription, PostedBy, IsPublic, IsOnlyForFriends, GroupID) values (40, 'Reorganizing the home office for better productivity.', 111, false, false, 30);
insert into Posts (PostID, PostDescription, PostedBy, IsPublic, IsOnlyForFriends, GroupID) values (41, 'Got new hiking boots. Ready for some adventures!', 114, true, false, 102);
insert into Posts (PostID, PostDescription, PostedBy, IsPublic, IsOnlyForFriends, GroupID) values (42, 'Just finished a DIY home improvement project.', 33, true, false, 25);
insert into Posts (PostID, PostDescription, PostedBy, IsPublic, IsOnlyForFriends, GroupID) values (43, 'Searching for a new hobby. Any suggestions?', 16, false, true, 7);
insert into Posts (PostID, PostDescription, PostedBy, IsPublic, IsOnlyForFriends, GroupID) values (44, 'Just signed up for a cooking class. Can’t wait to learn!', 92, true, true, 118);
insert into Posts (PostID, PostDescription, PostedBy, IsPublic, IsOnlyForFriends, GroupID) values (45, 'Taking a break from social media. See you soon!', 19, true, false, 37);
insert into Posts (PostID, PostDescription, PostedBy, IsPublic, IsOnlyForFriends, GroupID) values (46, 'Attended an inspiring workshop today.', 62, true, true, 104);
insert into Posts (PostID, PostDescription, PostedBy, IsPublic, IsOnlyForFriends, GroupID) values (47, 'Got a new camera! Excited to start photography.', 53, true, true, 76);
insert into Posts (PostID, PostDescription, PostedBy, IsPublic, IsOnlyForFriends, GroupID) values (48, 'Looking forward to the new season of my favorite show.', 105, false, false, 21);
insert into Posts (PostID, PostDescription, PostedBy, IsPublic, IsOnlyForFriends, GroupID) values (49, 'Can’t wait for the weekend getaway with friends.', 96, true, false, 118);
insert into Posts (PostID, PostDescription, PostedBy, IsPublic, IsOnlyForFriends, GroupID) values (50, 'Just completed a creative writing course.', 67, true, true, 15);
insert into Posts (PostID, PostDescription, PostedBy, IsPublic, IsOnlyForFriends, GroupID) values (51, 'Any tips for managing stress effectively?', 109, false, true, 73);
insert into Posts (PostID, PostDescription, PostedBy, IsPublic, IsOnlyForFriends, GroupID) values (52, 'Had a fantastic time at the farmer’s market.', 23, true, false, 92);
insert into Posts (PostID, PostDescription, PostedBy, IsPublic, IsOnlyForFriends, GroupID) values (53, 'Just finished redecorating the bedroom.', 78, true, false, 11);
insert into Posts (PostID, PostDescription, PostedBy, IsPublic, IsOnlyForFriends, GroupID) values (54, 'Excited to start a new fitness challenge.', 33, true, false, 20);
insert into Posts (PostID, PostDescription, PostedBy, IsPublic, IsOnlyForFriends, GroupID) values (55, 'Looking for new ways to boost creativity.', 40, false, true, 32);
insert into Posts (PostID, PostDescription, PostedBy, IsPublic, IsOnlyForFriends, GroupID) values (56, 'Planning a family reunion. Any suggestions?', 18, true, true, 62);
insert into Posts (PostID, PostDescription, PostedBy, IsPublic, IsOnlyForFriends, GroupID) values (57, 'Just started learning a new language.', 27, true, false, 86);
insert into Posts (PostID, PostDescription, PostedBy, IsPublic, IsOnlyForFriends, GroupID) values (58, 'Had a great time at the local art exhibit.', 68, true, true, 98);
insert into Posts (PostID, PostDescription, PostedBy, IsPublic, IsOnlyForFriends, GroupID) values (59, 'Looking for some fun weekend activities.', 19, false, false, 41);
insert into Posts (PostID, PostDescription, PostedBy, IsPublic, IsOnlyForFriends, GroupID) values (60, 'Planning a trip to the beach. Suggestions?', 78, true, false, 109);
insert into Posts (PostID, PostDescription, PostedBy, IsPublic, IsOnlyForFriends, GroupID) values (61, 'Excited for the new book release next month.', 29, true, true, 10);
insert into Posts (PostID, PostDescription, PostedBy, IsPublic, IsOnlyForFriends, GroupID) values (62, 'Just got tickets to a comedy show!', 96, true, true, 56);
insert into Posts (PostID, PostDescription, PostedBy, IsPublic, IsOnlyForFriends, GroupID) values (63, 'Looking forward to a relaxing weekend.', 110, true, true, 27);
insert into Posts (PostID, PostDescription, PostedBy, IsPublic, IsOnlyForFriends, GroupID) values (64, 'Had a productive day organizing the garage.', 64, true, false, 30);
insert into Posts (PostID, PostDescription, PostedBy, IsPublic, IsOnlyForFriends, GroupID) values (65, 'Just finished a challenging puzzle. Feeling accomplished!', 25, true, false, 61);
insert into Posts (PostID, PostDescription, PostedBy, IsPublic, IsOnlyForFriends, GroupID) values (66, 'Got some new board games. Ready for game night!', 47, true, true, 116);
insert into Posts (PostID, PostDescription, PostedBy, IsPublic, IsOnlyForFriends, GroupID) values (67, 'Looking for new music recommendations.', 104, false, false, 90);
insert into Posts (PostID, PostDescription, PostedBy, IsPublic, IsOnlyForFriends, GroupID) values (68, 'Excited for the upcoming food festival.', 34, true, false, 28);
insert into Posts (PostID, PostDescription, PostedBy, IsPublic, IsOnlyForFriends, GroupID) values (69, 'Had a relaxing day at the spa.', 54, true, true, 116);
insert into Posts (PostID, PostDescription, PostedBy, IsPublic, IsOnlyForFriends, GroupID) values (70, 'Just completed a painting project. Looks great!', 88, true, false, 51);
insert into Posts (PostID, PostDescription, PostedBy, IsPublic, IsOnlyForFriends, GroupID) values (71, 'Looking forward to the new restaurant opening next week.', 25, false, false, 8);
insert into Posts (PostID, PostDescription, PostedBy, IsPublic, IsOnlyForFriends, GroupID) values (72, 'What’s your favorite workout song?', 76, false, true, 113);
insert into Posts (PostID, PostDescription, PostedBy, IsPublic, IsOnlyForFriends, GroupID) values (73, 'Had a fun time at the local trivia night.', 40, true, false, 21);
insert into Posts (PostID, PostDescription, PostedBy, IsPublic, IsOnlyForFriends, GroupID) values (74, 'Just joined a new yoga class. Loving it so far!', 53, true, true, 86);
insert into Posts (PostID, PostDescription, PostedBy, IsPublic, IsOnlyForFriends, GroupID) values (75, 'Can’t wait for the new season of my favorite show.', 77, true, true, 27);
insert into Posts (PostID, PostDescription, PostedBy, IsPublic, IsOnlyForFriends, GroupID) values (76, 'Excited to visit a new museum this weekend.', 90, true, true, 59);
insert into Posts (PostID, PostDescription, PostedBy, IsPublic, IsOnlyForFriends, GroupID) values (77, 'Trying out a new recipe for the holiday party.', 107, true, true, 39);
insert into Posts (PostID, PostDescription, PostedBy, IsPublic, IsOnlyForFriends, GroupID) values (78, 'Looking forward to the upcoming marathon.', 22, false, true, 15);
insert into Posts (PostID, PostDescription, PostedBy, IsPublic, IsOnlyForFriends, GroupID) values (79, 'Just finished a challenging workout. Feeling great!', 71, true, false, 92);
insert into Posts (PostID, PostDescription, PostedBy, IsPublic, IsOnlyForFriends, GroupID) values (80, 'Planning a surprise anniversary party for my parents.', 50, true, true, 62);
insert into Posts (PostID, PostDescription, PostedBy, IsPublic, IsOnlyForFriends, GroupID) values (81, 'Had a great time at the outdoor concert.', 35, true, false, 89);
insert into Posts (PostID, PostDescription, PostedBy, IsPublic, IsOnlyForFriends, GroupID) values (82, 'What’s your favorite way to unwind after work?', 91, false, false, 76);
insert into Posts (PostID, PostDescription, PostedBy, IsPublic, IsOnlyForFriends, GroupID) values (83, 'Just finished organizing my digital photos.', 45, true, true, 51);
insert into Posts (PostID, PostDescription, PostedBy, IsPublic, IsOnlyForFriends, GroupID) values (84, 'Looking for a good place to grab brunch.', 62, false, true, 109);
insert into Posts (PostID, PostDescription, PostedBy, IsPublic, IsOnlyForFriends, GroupID) values (85, 'Had a fun day exploring a new part of town.', 55, true, false, 103);
insert into Posts (PostID, PostDescription, PostedBy, IsPublic, IsOnlyForFriends, GroupID) values (86, 'Just joined a cooking club. Excited to try new recipes!', 21, true, true, 95);
insert into Posts (PostID, PostDescription, PostedBy, IsPublic, IsOnlyForFriends, GroupID) values (87, 'Looking forward to the upcoming theater production.', 40, true, false, 9);
insert into Posts (PostID, PostDescription, PostedBy, IsPublic, IsOnlyForFriends, GroupID) values (88, 'Had a productive day working on my art project.', 37, true, true, 50);
insert into Posts (PostID, PostDescription, PostedBy, IsPublic, IsOnlyForFriends, GroupID) values (89, 'What’s the best way to spend a rainy day?', 43, false, false, 33);
insert into Posts (PostID, PostDescription, PostedBy, IsPublic, IsOnlyForFriends, GroupID) values (90, 'Just got a new set of golf clubs. Ready to play!', 60, true, false, 72);
insert into Posts (PostID, PostDescription, PostedBy, IsPublic, IsOnlyForFriends, GroupID) values (91, 'Excited for the new season of my favorite podcast.', 84, true, true, 92);
insert into Posts (PostID, PostDescription, PostedBy, IsPublic, IsOnlyForFriends, GroupID) values (92, 'Just finished a home improvement project. Loving the results!', 31, true, true, 18);
insert into Posts (PostID, PostDescription, PostedBy, IsPublic, IsOnlyForFriends, GroupID) values (93, 'Looking for recommendations on good local restaurants.', 75, false, true, 99);
insert into Posts (PostID, PostDescription, PostedBy, IsPublic, IsOnlyForFriends, GroupID) values (94, 'Just started a new online course. Excited to learn!', 90, true, true, 12);
insert into Posts (PostID, PostDescription, PostedBy, IsPublic, IsOnlyForFriends, GroupID) values (95, 'Planning a weekend trip to the countryside.', 64, true, false, 29);
insert into Posts (PostID, PostDescription, PostedBy, IsPublic, IsOnlyForFriends, GroupID) values (96, 'Looking forward to trying out a new workout class.', 33, true, true, 85);
insert into Posts (PostID, PostDescription, PostedBy, IsPublic, IsOnlyForFriends, GroupID) values (97, 'Had a great time at the local book fair.', 46, true, false, 78);
insert into Posts (PostID, PostDescription, PostedBy, IsPublic, IsOnlyForFriends, GroupID) values (98, 'Got a new set of paints. Excited to start painting!', 55, true, true, 27);
insert into Posts (PostID, PostDescription, PostedBy, IsPublic, IsOnlyForFriends, GroupID) values (99, 'Planning a weekend getaway to the beach.', 67, true, false, 13);
insert into Posts (PostID, PostDescription, PostedBy, IsPublic, IsOnlyForFriends, GroupID) values (100, 'Had a productive day setting goals for the month.', 22, true, true, 66);
insert into Posts (PostID, PostDescription, PostedBy, IsPublic, IsOnlyForFriends, GroupID) values (101, 'Looking for a new series to binge-watch.', 32, false, false, 93);
insert into Posts (PostID, PostDescription, PostedBy, IsPublic, IsOnlyForFriends, GroupID) values (102, 'Excited for the upcoming weekend trip with family.', 68, true, true, 25);
insert into Posts (PostID, PostDescription, PostedBy, IsPublic, IsOnlyForFriends, GroupID) values (103, 'Just got a new bike. Ready to hit the trails!', 87, true, false, 51);
insert into Posts (PostID, PostDescription, PostedBy, IsPublic, IsOnlyForFriends, GroupID) values (104, 'Had a fun time at the local food truck festival.', 94, true, false, 43);
insert into Posts (PostID, PostDescription, PostedBy, IsPublic, IsOnlyForFriends, GroupID) values (105, 'Looking forward to the upcoming art class.', 74, true, true, 56);
insert into Posts (PostID, PostDescription, PostedBy, IsPublic, IsOnlyForFriends, GroupID) values (106, 'Just finished a DIY project at home. Feels great!', 84, true, false, 29);
insert into Posts (PostID, PostDescription, PostedBy, IsPublic, IsOnlyForFriends, GroupID) values (107, 'Planning a fun day out with friends.', 30, false, true, 72);
insert into Posts (PostID, PostDescription, PostedBy, IsPublic, IsOnlyForFriends, GroupID) values (108, 'Got tickets for a weekend music festival.', 63, true, false, 49);
insert into Posts (PostID, PostDescription, PostedBy, IsPublic, IsOnlyForFriends, GroupID) values (109, 'Just finished a great book. Any suggestions for my next read?', 77, true, true, 100);
insert into Posts (PostID, PostDescription, PostedBy, IsPublic, IsOnlyForFriends, GroupID) values (110, 'Had a relaxing afternoon at the park.', 85, true, true, 61);
insert into Posts (PostID, PostDescription, PostedBy, IsPublic, IsOnlyForFriends, GroupID) values (111, 'Looking for new ways to stay motivated.', 12, false, false, 66);
insert into Posts (PostID, PostDescription, PostedBy, IsPublic, IsOnlyForFriends, GroupID) values (112, 'Excited to try out a new restaurant this weekend.', 31, true, false, 109);
insert into Posts (PostID, PostDescription, PostedBy, IsPublic, IsOnlyForFriends, GroupID) values (113, 'Just joined a new gym. Looking forward to the workouts!', 16, true, true, 34);
insert into Posts (PostID, PostDescription, PostedBy, IsPublic, IsOnlyForFriends, GroupID) values (114, 'Had a fantastic time at the local theater.', 43, true, true, 95);
insert into Posts (PostID, PostDescription, PostedBy, IsPublic, IsOnlyForFriends, GroupID) values (115, 'Got a new pet! Can’t wait for the first vet visit.', 95, true, false, 77);
insert into Posts (PostID, PostDescription, PostedBy, IsPublic, IsOnlyForFriends, GroupID) values (116, 'Looking for recommendations on weekend activities.', 84, false, false, 98);
insert into Posts (PostID, PostDescription, PostedBy, IsPublic, IsOnlyForFriends, GroupID) values (117, 'Excited for the upcoming cooking class!', 22, true, true, 54);
insert into Posts (PostID, PostDescription, PostedBy, IsPublic, IsOnlyForFriends, GroupID) values (118, 'Just got back from an amazing trip to the mountains.', 69, true, false, 36);
insert into Posts (PostID, PostDescription, PostedBy, IsPublic, IsOnlyForFriends, GroupID) values (119, 'Had a wonderful time at the local farmer’s market.', 84, true, true, 102);
insert into Posts (PostID, PostDescription, PostedBy, IsPublic, IsOnlyForFriends, GroupID) values (120, 'Just finished a marathon. Proud of my achievement!', 25, true, true, 11);
